{
    "train_loss": [
        [
            0.12417089337339768,
            0.11175691365049435,
            0.10757701070262836,
            0.10651518433139874,
            0.11116907516351113
        ],
        [
            0.10936274952613391,
            0.11143422699891604,
            0.10917783070069093,
            0.10064493664182149,
            0.0989707215474202
        ],
        [
            0.1550792661996988,
            0.10542163252830505,
            0.10823517292737961,
            0.10352693469478534,
            0.1079175523840464
        ]
    ],
    "test_loss": [
        [
            0.10127690319831555,
            0.11208136952840365,
            0.09943531625545941,
            0.10004462530979744,
            0.10092533609041801
        ],
        [
            0.1074790911605725,
            0.09998216250768074,
            0.10711911406654578,
            0.0962542762550024,
            0.10090628610207485
        ],
        [
            0.10299495263741566,
            0.11764042308697334,
            0.10048977400247867,
            0.10128263498728092,
            0.10189595044805454
        ]
    ],
    "MAE": [
        0.08624090397587189,
        0.08550006208511499,
        0.08729928244764988
    ],
    "R2": [
        -1.2332634467345018,
        -2.7192489871611962,
        -1.3356860967782826
    ],
    "MAE_MEAN": 0.08634674950287892,
    "R2_MEAN": -1.7627328435579936,
    "NUM_WORKERS": 2,
    "TRAIN_BATCH_SIZE": 4,
    "TEST_BATCH_SIZE": 4,
    "LEARNING_RATE": 0.0001,
    "NUM_EPOCHS": 5,
    "LR_SCHEDULER": "step",
    "USE_SPATIAL_ATTENTION": false,
    "SEEDS": [
        1,
        7,
        14
    ]
}