{
    "MAE_MEAN": 0.08593789459421085,
    "R2_MEAN": -1.154743267939641,
    "USE_LSTM_BRANCH": true,
    "NUM_WORKERS": 2,
    "TRAIN_BATCH_SIZE": 4,
    "TEST_BATCH_SIZE": 4,
    "LEARNING_RATE": 0.0001,
    "NUM_EPOCHS": 5,
    "LR_SCHEDULER": "step",
    "USE_SPATIAL_ATTENTION": false,
    "SEEDS": [
        1
    ],
    "OC_MAX": 90,
    "USE_SRTM": false,
    "cv_results": {
        "train_loss": [
            [
                0.17031477964841402,
                0.1116812237753318,
                0.11181640625,
                0.10903949204545754,
                0.11291530785652307
            ]
        ],
        "test_loss": [
            [
                0.09936584847477767,
                0.11039713426278187,
                0.10144260468391272,
                0.10141326859593391,
                0.1005684406711505
            ]
        ],
        "MAE": [
            0.08593789459421085
        ],
        "R2": [
            -1.154743267939641
        ]
    }
}