{
    "train_loss": [
        [
            0.11840381473302841,
            0.1087938154546114,
            0.10692277665321644,
            0.10787488634769733,
            0.11031819937320855
        ],
        [
            0.1098571434043921,
            0.11046900456914535,
            0.10880929890733498,
            0.10030995338008954,
            0.09781756223394321
        ],
        [
            0.15531941503286362,
            0.10494446725799488,
            0.10838662302837922,
            0.10339979282938518,
            0.10833601424327263
        ]
    ],
    "test_loss": [
        [
            0.10656366124749184,
            0.11594574525952339,
            0.10119158144180591,
            0.1033230796456337,
            0.10430104973224494
        ],
        [
            0.10672863085682575,
            0.09984315072114651,
            0.1071114855316969,
            0.09995737127386607,
            0.10615426416580494
        ],
        [
            0.10230277106165886,
            0.11690405383706093,
            0.10039329414184277,
            0.09941390959116128,
            0.09997248305724217
        ]
    ],
    "MAE": [
        0.09050312523658459,
        0.08977667528849381,
        0.08558222078360044
    ],
    "R2": [
        -1.2102654438752394,
        -2.8488184901384206,
        -1.2487547397613525
    ],
    "MAE_MEAN": 0.08862067376955962,
    "R2_MEAN": -1.7692795579250042
}