{
    "MAE_MEAN": 0.08611293480946468,
    "R2_MEAN": -1.5618607264298658,
    "NUM_WORKERS": 2,
    "TRAIN_BATCH_SIZE": 4,
    "TEST_BATCH_SIZE": 4,
    "LEARNING_RATE": 0.0001,
    "NUM_EPOCHS": 5,
    "LR_SCHEDULER": "step",
    "USE_SPATIAL_ATTENTION": false,
    "SEEDS": [
        1,
        7,
        14
    ],
    "OC_MAX": 90,
    "USE_SRTM": false,
    "cv_results": {
        "train_loss": [
            [
                0.11023429723886344,
                0.11093178620705238,
                0.10829731564109142,
                0.10829020721408036,
                0.11213593356884442
            ],
            [
                0.1100351526760138,
                0.11133649601386143,
                0.108837247467958,
                0.10162489803937766,
                0.09658698365092278
            ],
            [
                0.15564256791885084,
                0.10479093744204594,
                0.10855700290546967,
                0.10352474966874489,
                0.10709064052655147
            ]
        ],
        "test_loss": [
            [
                0.09945515170693398,
                0.10076819818753463,
                0.10006345235384427,
                0.09972142485471872,
                0.09960880474402355
            ],
            [
                0.10742484205044232,
                0.09972896340947884,
                0.10905526177241252,
                0.09489399108749169,
                0.10345750130139865
            ],
            [
                0.10224584203500015,
                0.11497888484826455,
                0.0994091102710137,
                0.10042213935118455,
                0.09959430792010747
            ]
        ],
        "MAE": [
            0.08485934367546669,
            0.08847832192595188,
            0.08500113882697545
        ],
        "R2": [
            -1.110519753052638,
            -2.326516852929042,
            -1.2485455733079176
        ]
    }
}