{
    "train_loss": [
        [
            0.18231540001355684,
            0.13082004051942092,
            0.11074358224868774,
            0.10885156863010846,
            0.11033304264912239
        ],
        [
            0.10998090815085632,
            0.11124288376707298,
            0.10953523132663506,
            0.1027576605287882,
            0.09935128029722434
        ],
        [
            0.15514540786926562,
            0.1051795304967807,
            0.10827167633061226,
            0.10356788996320504,
            0.10810966388537334
        ]
    ],
    "test_loss": [
        [
            0.09960040793969081,
            0.10000953708703701,
            0.10817811752741154,
            0.1001657763352761,
            0.10060640023304866
        ],
        [
            0.10663189567052402,
            0.09946439787745476,
            0.10684345633937763,
            0.09368543613415498,
            0.09670529485895084
        ],
        [
            0.10254048613401559,
            0.116265691530246,
            0.09985616860481408,
            0.10025526869755524,
            0.10064741109426205
        ]
    ],
    "MAE": [
        0.0862072052863928,
        0.08155648324352044,
        0.0860377335204528
    ],
    "R2": [
        -1.2508394993268526,
        -2.2374182710280786,
        -1.2453630337348351
    ],
    "MAE_MEAN": 0.08460047401678868,
    "R2_MEAN": -1.5778736013632553,
    "NUM_WORKERS": 2,
    "TRAIN_BATCH_SIZE": 4,
    "TEST_BATCH_SIZE": 4,
    "LEARNING_RATE": 0.0001,
    "NUM_EPOCHS": 5,
    "LR_SCHEDULER": "step",
    "USE_SPATIAL_ATTENTION": false,
    "SEEDS": [
        1,
        7,
        14
    ]
}